source,target,move_type
Penguin,Penguin,teleport
Penguin,Confuciusornithiformes,walk
Confuciusornithiformes,Rectrices,walk
Rectrices,Hummingbird,walk
Hummingbird,Penguin,teleport
Penguin,Penguin,teleport
Penguin,Colinus,walk
Colinus,Penguin,teleport
Penguin,Penguin,teleport
Penguin,Quaternary_glaciation,walk
Quaternary_glaciation,Scientific_revolution,walk
Scientific_revolution,De_humani_corporis_fabrica,walk
De_humani_corporis_fabrica,Principles_of_Geology,walk
Principles_of_Geology,Solar_System,walk
Solar_System,Template_talk:Star,walk
Template_talk:Star,User_talk:Lithopsian,walk
User_talk:Lithopsian,Cepheid_variable,walk
Cepheid_variable,Solar-like_oscillations,walk
Solar-like_oscillations,Protostar,walk
Protostar,Star_system,walk
Star_system,Carbon_star,walk
Carbon_star,Nova_remnant,walk
Nova_remnant,X-ray_binary,walk
X-ray_binary,Quasi-periodic_oscillation,walk
Quasi-periodic_oscillation,White_dwarf,walk
White_dwarf,Penguin,teleport
Penguin,Anatomy,walk
Anatomy,Penguin,teleport
Penguin,Penguin,teleport
Penguin,Ad%C3%A9lie_penguin,walk
Ad%C3%A9lie_penguin,Penguin,teleport
Penguin,Oreophasinae,walk
Oreophasinae,National_Center_for_Biotechnology_Information,walk
National_Center_for_Biotechnology_Information,World_Spider_Catalog,walk
World_Spider_Catalog,Fossilworks,walk
Fossilworks,New_York_Botanical_Garden,walk
New_York_Botanical_Garden,The_Plant_List,walk
The_Plant_List,World_Flora_Online,walk
World_Flora_Online,Royal_Botanic_Garden_Edinburgh,walk
Royal_Botanic_Garden_Edinburgh,Bruntsfield_Links,walk
Bruntsfield_Links,Penguin,teleport
Penguin,Maastrichtian,walk
Maastrichtian,Formation_(geology),walk
Formation_(geology),Summerville_Formation,walk
Summerville_Formation,Penguin,teleport
Penguin,Pingu,walk
Pingu,Cartoon_Network_(Japanese_TV_channel),walk
Cartoon_Network_(Japanese_TV_channel),Tokyo,walk
Tokyo,Gothenburg,walk
Gothenburg,Stavanger_(city),walk
Stavanger_(city),Patras,walk
Patras,"Gouva,_Patras",walk
"Gouva,_Patras","Voud,_Patras",walk
"Voud,_Patras","Tasi,_Patras",walk
"Tasi,_Patras","Kalamaki,_Patras",walk
"Kalamaki,_Patras",Pyrosvesteio,walk
Pyrosvesteio,Skioessa,walk
Skioessa,"Glyfada,_Patras",walk
"Glyfada,_Patras",Chalkomata,walk
Chalkomata,"Lefka,_Patras",walk
"Lefka,_Patras","Tasi,_Patras",walk
"Tasi,_Patras",Begoulaki,walk
Begoulaki,"Ampelokipoi,_Patras",walk
"Ampelokipoi,_Patras",Rodopoulou,walk
Rodopoulou,Penguin,teleport
Penguin,Penguin,teleport
Penguin,Outland_(comic_strip),walk
Outland_(comic_strip),Bloom_County:_The_Complete_Library,walk
Bloom_County:_The_Complete_Library,Opus_(comic_strip),walk
Opus_(comic_strip),World_wide_web,walk
World_wide_web,Web_browsing_history,walk
Web_browsing_history,Potentially_unwanted_program,walk
Potentially_unwanted_program,Browser_hijacking,walk
Browser_hijacking,Ars_Technica,walk
Ars_Technica,World_Triathlon_Corporation,walk
World_Triathlon_Corporation,Wanda_Media,walk
Wanda_Media,Carmike_Cinemas,walk
Carmike_Cinemas,Penguin,teleport
Penguin,Diving_duck,walk
Diving_duck,Redhead_(duck),walk
Redhead_(duck),Type_(biology),walk
Type_(biology),Species,walk
Species,The_American_Naturalist,walk
The_American_Naturalist,Ecology,walk
Ecology,Geophysics,walk
Geophysics,Penguin,teleport
Penguin,Chatham_penguin,walk
Chatham_penguin,Penguin,teleport
Penguin,Auk,walk
Auk,Jurassic,walk
Jurassic,Cisuralian,walk
Cisuralian,Conodont,walk
Conodont,Haikouella,walk
Haikouella,Notochord,walk
Notochord,Endoderm,walk
Endoderm,Intraembryonic_coelom,walk
Intraembryonic_coelom,Cloaca_(embryology),walk
Cloaca_(embryology),University_of_Lausanne,walk
University_of_Lausanne,Roma_Tre_University,walk
Roma_Tre_University,University_of_Perugia,walk
University_of_Perugia,Tuscia_University,walk
Tuscia_University,University_of_Reggio_Calabria,walk
University_of_Reggio_Calabria,Al-Azhar_University_%E2%80%93_Gaza,walk
Al-Azhar_University_%E2%80%93_Gaza,Seconda_Universit%C3%A0_degli_Studi_di_Napoli,walk
Seconda_Universit%C3%A0_degli_Studi_di_Napoli,Al-Baath_University,walk
Al-Baath_University,Hafez_al-Assad,walk
Hafez_al-Assad,Penguin,teleport
Penguin,Eudyptula,walk
Eudyptula,New_Zealand,walk
New_Zealand,Treaty_of_Waitangi,walk
Treaty_of_Waitangi,Penguin,teleport
Penguin,Loon,walk
Loon,Cursorimorphae,walk
Cursorimorphae,Neognathae,walk
Neognathae,Aves,walk
Aves,Penguin,teleport
Penguin,United_States,walk
United_States,List_of_countries_and_dependencies_by_area,walk
List_of_countries_and_dependencies_by_area,Fiji,walk
Fiji,Gross_domestic_product,walk
Gross_domestic_product,List_of_North_American_countries_by_GDP_(nominal)_per_capita,walk
List_of_North_American_countries_by_GDP_(nominal)_per_capita,Penguin,teleport
Penguin,Lithornithidae,walk
Lithornithidae,Turaco,walk
Turaco,Enantiornithes,walk
Enantiornithes,Penguin,teleport
Penguin,Paleognath,walk
Paleognath,Extant_taxon,walk
Extant_taxon,Ecological_niche,walk
Ecological_niche,Biomagnification,walk
Biomagnification,Introduced_species,walk
Introduced_species,Unified_neutral_theory_of_biodiversity,walk
Unified_neutral_theory_of_biodiversity,Metacommunity,walk
Metacommunity,Penguin,teleport
Penguin,Penguin,teleport
Penguin,Penguin,teleport
Penguin,Columbea,walk
Columbea,Meleagridinae,walk
Meleagridinae,Wayback_Machine,walk
Wayback_Machine,Prior_art,walk
Prior_art,United_States_patent_law,walk
United_States_patent_law,Non-obviousness,walk
Non-obviousness,United_States_v._Adams,walk
United_States_v._Adams,United_States_v._Adams,walk
United_States_v._Adams,United_States_Court_of_Claims,walk
United_States_Court_of_Claims,William_Adams_Richardson,walk
William_Adams_Richardson,G._William_Miller,walk
G._William_Miller,Charles_S._Fairchild,walk
Charles_S._Fairchild,John_Wesley_Snyder,walk
John_Wesley_Snyder,Louis_McLane,walk
Louis_McLane,W._Michael_Blumenthal,walk
W._Michael_Blumenthal,List_of_foreign-born_United_States_Cabinet_Secretaries,walk
List_of_foreign-born_United_States_Cabinet_Secretaries,Penguin,teleport
Penguin,Aptenodytes,walk
Aptenodytes,Barcode_of_Life_Data_System,walk
Barcode_of_Life_Data_System,Tree_of_Life_Web_Project,walk
Tree_of_Life_Web_Project,Wikidata,walk
Wikidata,G%C3%B6del%27s_incompleteness_theorems,walk
G%C3%B6del%27s_incompleteness_theorems,Monatshefte_f%C3%BCr_Mathematik_und_Physik,walk
Monatshefte_f%C3%BCr_Mathematik_und_Physik,Monatshefte_f%C3%BCr_Mathematik,walk
Monatshefte_f%C3%BCr_Mathematik,Mathematics_journal,walk
Mathematics_journal,Arnetminer,walk
Arnetminer,CiteSeerX,walk
CiteSeerX,National_University_of_Singapore,walk
National_University_of_Singapore,American_University_in_Kosovo,walk
American_University_in_Kosovo,International_recognition_of_Kosovo,walk
International_recognition_of_Kosovo,Ireland%E2%80%93Kosovo_relations,walk
Ireland%E2%80%93Kosovo_relations,Foreign_relations_of_Kosovo,walk
Foreign_relations_of_Kosovo,Bosnia_and_Herzegovina,walk
Bosnia_and_Herzegovina,Sharia,walk
Sharia,The_Satanic_Verses,walk
The_Satanic_Verses,Voiceover,walk
Voiceover,Narrator,walk
Narrator,Setting_(narrative),walk
Setting_(narrative),Supporting_character,walk
Supporting_character,Leitmotif,walk
Leitmotif,C._F._E._BACH_motif,walk
C._F._E._BACH_motif,Thoroughbass,walk
Thoroughbass,Major_and_minor,walk
Major_and_minor,Minor_seventh_chord,walk
Minor_seventh_chord,Secondary_leading-tone,walk
Secondary_leading-tone,Template_talk:Chords,walk
Template_talk:Chords,Harmonic_seventh_chord,walk
Harmonic_seventh_chord,Major_seventh_chord,walk
Major_seventh_chord,Penguin,teleport
Penguin,List_of_birds,walk
List_of_birds,Psophiidae,walk
Psophiidae,Penguin,teleport
Penguin,Atlantic,walk
Atlantic,Penguin,teleport
Penguin,Penguin,teleport
Penguin,Opus_the_Penguin,walk
Opus_the_Penguin,Michael_Bell_(actor),walk
Michael_Bell_(actor),The_Riddler,walk
The_Riddler,Oswald_Cobblepot_(Gotham),walk
Oswald_Cobblepot_(Gotham),Batwoman_(Kathy_Kane),walk
Batwoman_(Kathy_Kane),Catman_(DC_Comics),walk
Catman_(DC_Comics),Phosphorus_Rex,walk
Phosphorus_Rex,Jason_Todd,walk
